{
  "ndcg": 0.011251186894042513,
  "hit": 0.024006622516556293,
  "test_ndcg": 0.010690224477808012,
  "test_hit": 0.02185430463576159
}