{
  "fp32": {
    "ndcg_val": 0.012071110759981393,
    "hit_val": 0.02533112582781457,
    "ndcg_test": 0.010888639727947836,
    "hit_test": 0.023013245033112584,
    "avg_latency_ms": 40.76781941572941,
    "median_latency_ms": 41.42493749895948,
    "throughput": 24.529151038910896,
    "size_mb": 1.17041015625
  },
  "int8": {
    "ndcg_val": 0.0120693046864005,
    "hit_val": 0.02533112582781457,
    "ndcg_test": 0.010736085502455375,
    "hit_test": 0.022516556291390728,
    "avg_latency_ms": 42.43448870799208,
    "median_latency_ms": 42.7150419964164,
    "throughput": 23.565736984786504,
    "size_mb": 1.04345703125
  }
}