{
  "test_ndcg_lsq": 0.0037324133056305143,
  "test_hit_lsq": 0.009602649006622516
}