{
  "test_ndcg_qdrop": 0.010489052397309236,
  "test_hit_qdrop": 0.02119205298013245
}