{
  "ndcg_val": 0.012800398209315247,
  "hit_val": 0.027317880794701987,
  "ndcg_test": 0.010344090136073923,
  "hit_test": 0.020860927152317882
}