{
  "ndcg_val": 0.012944755891561951,
  "hit_val": 0.02781456953642384,
  "ndcg_test": 0.010301833197636081,
  "hit_test": 0.020860927152317882
}