{
  "ndcg_val": 0.012790975032856712,
  "hit_val": 0.027317880794701987,
  "ndcg_test": 0.010338722341701483,
  "hit_test": 0.020860927152317882
}