{
  "test_ndcg_lsq": 0.0026900601488107053,
  "test_hit_lsq": 0.006788079470198676
}