{
  "test_ndcg_apot": 0.009327054000749771,
  "test_hit_apot": 0.020033112582781457
}